"firstName","lastName","Company","Position","linkedinURL","gptResponse"
"Elon","Musk","Tesla","CTO","http://linkedin.com/","
                Dear Mr. Musk,

My name is Aditya Bilawar and I am the CEO of a company that specializes in automation technology. I am writing to you today to introduce you to our product, which can automate the process of developing Tesla car screens.

I believe our product can help you save time and money, while also improving the quality of your car screens. We have a proven track record of success with other companies, and I am confident that our product can help you achieve your goals.

I would love to discuss the potential of our product with you in more detail. Please let me know if you would be interested in scheduling a meeting.

Thank you for your time and consideration.

Sincerely,
Aditya Bilawar"